[
  {
    "id": 1,
    "region": "Asia",
    "subregion": "Southern Asia",
    "title": "Afghanistan",
    "native": "افغانستان",
    "code": "AF",
    "code3": "AFG",
    "address_format": "",
    "postcode_required": 0,
    "call_prefix": 93,
    "has_states": 0
  },
  {
    "id": 2,
    "region": "Europe",
    "subregion": "Southern Europe",
    "title": "Albania",
    "native": "Shqipëria",
    "code": "AL",
    "code3": "ALB",
    "address_format": "",
    "postcode_required": 0,
    "call_prefix": 355,
    "has_states": 0
  },
  {
    "id": 3,
    "region": "Africa",
    "subregion": "Northern Africa",
    "title": "Algeria",
    "native": "الجزائر",
    "code": "DZ",
    "code3": "DZA",
    "address_format": "",
    "postcode_required": 0,
    "call_prefix": 213,
    "has_states": 0
  },
  {
    "id": 4,
    "region": "Oceania",
    "subregion": "Polynesia",
    "title": "American Samoa",
    "native": "American Samoa",
    "code": "AS",
    "code3": "ASM",
    "address_format": "",
    "postcode_required": 0,
    "call_prefix": 0,
    "has_states": 0
  },
  {
    "id": 5,
    "region": "Europe",
    "subregion": "Southern Europe",
    "title": "Andorra",
    "native": "Andorra",
    "code": "AD",
    "code3": "AND",
    "address_format": "",
    "postcode_required": 0,
    "call_prefix": 376,
    "has_states": 0
  },
  {
    "id": 6,
    "region": "Africa",
    "subregion": "Middle Africa",
    "title": "Angola",
    "native": "Angola",
    "code": "AO",
    "code3": "AGO",
    "address_format": "",
    "postcode_required": 0,
    "call_prefix": 244,
    "has_states": 0
  },
  {
    "id": 7,
    "region": "Americas",
    "subregion": "Caribbean",
    "title": "Anguilla",
    "native": "Anguilla",
    "code": "AI",
    "code3": "AIA",
    "address_format": "",
    "postcode_required": 0,
    "call_prefix": 0,
    "has_states": 0
  },
  {
    "id": 8,
    "region": "Antarctica",
    "subregion": "Antarctica",
    "title": "Antarctica",
    "native": "",
    "code": "AQ",
    "code3": "ATA",
    "address_format": "",
    "postcode_required": 0,
    "call_prefix": 0,
    "has_states": 0
  },
  {
    "id": 9,
    "region": "Americas",
    "subregion": "Caribbean",
    "title": "Antigua and Barbuda",
    "native": "Antigua and Barbuda",
    "code": "AG",
    "code3": "ATG",
    "address_format": "",
    "postcode_required": 0,
    "call_prefix": 0,
    "has_states": 0
  },
  {
    "id": 10,
    "region": "Americas",
    "subregion": "South America",
    "title": "Argentina",
    "native": "Argentina",
    "code": "AR",
    "code3": "ARG",
    "address_format": "",
    "postcode_required": 0,
    "call_prefix": 54,
    "has_states": 1
  },
  {
    "id": 11,
    "region": "Asia",
    "subregion": "Western Asia",
    "title": "Armenia",
    "native": "Հայաստան",
    "code": "AM",
    "code3": "ARM",
    "address_format": "",
    "postcode_required": 0,
    "call_prefix": 374,
    "has_states": 0
  },
  {
    "id": 12,
    "region": "Americas",
    "subregion": "Caribbean",
    "title": "Aruba",
    "native": "Aruba",
    "code": "AW",
    "code3": "ABW",
    "address_format": "",
    "postcode_required": 0,
    "call_prefix": 297,
    "has_states": 0
  },
  {
    "id": 13,
    "region": "Oceania",
    "subregion": "Australia and New Zealand",
    "title": "Australia",
    "native": "Australia",
    "code": "AU",
    "code3": "AUS",
    "address_format": "",
    "postcode_required": 0,
    "call_prefix": 61,
    "has_states": 0
  },
  {
    "id": 14,
    "region": "Europe",
    "subregion": "Western Europe",
    "title": "Austria",
    "native": "Österreich",
    "code": "AT",
    "code3": "AUT",
    "address_format": "",
    "postcode_required": 0,
    "call_prefix": 43,
    "has_states": 0
  },
  {
    "id": 15,
    "region": "Asia",
    "subregion": "Western Asia",
    "title": "Azerbaijan",
    "native": "Azərbaycan",
    "code": "AZ",
    "code3": "AZE",
    "address_format": "",
    "postcode_required": 0,
    "call_prefix": 994,
    "has_states": 0
  },
  {
    "id": 16,
    "region": "Americas",
    "subregion": "Caribbean",
    "title": "Bahamas",
    "native": "Bahamas",
    "code": "BS",
    "code3": "BHS",
    "address_format": "",
    "postcode_required": 0,
    "call_prefix": 0,
    "has_states": 0
  },
  {
    "id": 17,
    "region": "Asia",
    "subregion": "Western Asia",
    "title": "Bahrain",
    "native": "\u200Fالبحرين",
    "code": "BH",
    "code3": "BHR",
    "address_format": "",
    "postcode_required": 0,
    "call_prefix": 973,
    "has_states": 0
  },
  {
    "id": 18,
    "region": "Asia",
    "subregion": "Southern Asia",
    "title": "Bangladesh",
    "native": "বাংলাদেশ",
    "code": "BD",
    "code3": "BGD",
    "address_format": "",
    "postcode_required": 0,
    "call_prefix": 880,
    "has_states": 0
  },
  {
    "id": 19,
    "region": "Americas",
    "subregion": "Caribbean",
    "title": "Barbados",
    "native": "Barbados",
    "code": "BB",
    "code3": "BRB",
    "address_format": "",
    "postcode_required": 0,
    "call_prefix": 0,
    "has_states": 0
  },
  {
    "id": 20,
    "region": "Europe",
    "subregion": "Eastern Europe",
    "title": "Belarus",
    "native": "Белару́сь",
    "code": "BY",
    "code3": "BLR",
    "address_format": "",
    "postcode_required": 0,
    "call_prefix": 0,
    "has_states": 0
  },
  {
    "id": 21,
    "region": "Europe",
    "subregion": "Western Europe",
    "title": "Belgium",
    "native": "Belgien",
    "code": "BE",
    "code3": "BEL",
    "address_format": "{firstname} {lastname}\r\n{company}\r\n{address1}\r\n{address2}\r\n{postcode} {city}\r\n{country}",
    "postcode_required": 0,
    "call_prefix": 32,
    "has_states": 0
  },
  {
    "id": 22,
    "region": "Americas",
    "subregion": "Central America",
    "title": "Belize",
    "native": "Belize",
    "code": "BZ",
    "code3": "BLZ",
    "address_format": "",
    "postcode_required": 0,
    "call_prefix": 501,
    "has_states": 0
  },
  {
    "id": 23,
    "region": "Africa",
    "subregion": "Western Africa",
    "title": "Benin",
    "native": "Bénin",
    "code": "BJ",
    "code3": "BEN",
    "address_format": "",
    "postcode_required": 0,
    "call_prefix": 229,
    "has_states": 0
  },
  {
    "id": 24,
    "region": "Americas",
    "subregion": "Northern America",
    "title": "Bermuda",
    "native": "Bermuda",
    "code": "BM",
    "code3": "BMU",
    "address_format": "",
    "postcode_required": 0,
    "call_prefix": 0,
    "has_states": 0
  },
  {
    "id": 25,
    "region": "Asia",
    "subregion": "Southern Asia",
    "title": "Bhutan",
    "native": "འབྲུག་ཡུལ་",
    "code": "BT",
    "code3": "BTN",
    "address_format": "",
    "postcode_required": 0,
    "call_prefix": 975,
    "has_states": 0
  },
  {
    "id": 26,
    "region": "Americas",
    "subregion": "South America",
    "title": "Bolivia",
    "native": "Wuliwya",
    "code": "BO",
    "code3": "BOL",
    "address_format": "",
    "postcode_required": 0,
    "call_prefix": 591,
    "has_states": 0
  },
  {
    "id": 27,
    "region": "Europe",
    "subregion": "Southern Europe",
    "title": "Bosnia and Herzegovina",
    "native": "Bosna i Hercegovina",
    "code": "BA",
    "code3": "BIH",
    "address_format": "",
    "postcode_required": 0,
    "call_prefix": 387,
    "has_states": 0
  },
  {
    "id": 28,
    "region": "Africa",
    "subregion": "Southern Africa",
    "title": "Botswana",
    "native": "Botswana",
    "code": "BW",
    "code3": "BWA",
    "address_format": "",
    "postcode_required": 0,
    "call_prefix": 267,
    "has_states": 0
  },
  {
    "id": 29,
    "region": "Antarctica",
    "subregion": "Antarctica",
    "title": "Bouvet Island",
    "native": "Bouvetøya",
    "code": "BV",
    "code3": "BVT",
    "address_format": "",
    "postcode_required": 0,
    "call_prefix": 0,
    "has_states": 0
  },
  {
    "id": 30,
    "region": "Americas",
    "subregion": "South America",
    "title": "Brazil",
    "native": "Brasil",
    "code": "BR",
    "code3": "BRA",
    "address_format": "",
    "postcode_required": 0,
    "call_prefix": 55,
    "has_states": 0
  },
  {
    "id": 31,
    "region": "Africa",
    "subregion": "Eastern Africa",
    "title": "British Indian Ocean Territory",
    "native": "British Indian Ocean Territory",
    "code": "IO",
    "code3": "IOT",
    "address_format": "",
    "postcode_required": 0,
    "call_prefix": 0,
    "has_states": 0
  },
  {
    "id": 32,
    "region": "Asia",
    "subregion": "South-Eastern Asia",
    "title": "Brunei",
    "native": "Negara Brunei Darussalam",
    "code": "BN",
    "code3": "BRN",
    "address_format": "",
    "postcode_required": 0,
    "call_prefix": 673,
    "has_states": 0
  },
  {
    "id": 33,
    "region": "Europe",
    "subregion": "Eastern Europe",
    "title": "Bulgaria",
    "native": "България",
    "code": "BG",
    "code3": "BGR",
    "address_format": "",
    "postcode_required": 0,
    "call_prefix": 359,
    "has_states": 0
  },
  {
    "id": 34,
    "region": "Africa",
    "subregion": "Western Africa",
    "title": "Burkina Faso",
    "native": "Burkina Faso",
    "code": "BF",
    "code3": "BFA",
    "address_format": "",
    "postcode_required": 0,
    "call_prefix": 226,
    "has_states": 0
  },
  {
    "id": 35,
    "region": "Africa",
    "subregion": "Eastern Africa",
    "title": "Burundi",
    "native": "Burundi",
    "code": "BI",
    "code3": "BDI",
    "address_format": "",
    "postcode_required": 0,
    "call_prefix": 257,
    "has_states": 0
  },
  {
    "id": 36,
    "region": "Asia",
    "subregion": "South-Eastern Asia",
    "title": "Cambodia",
    "native": "Kâmpŭchéa",
    "code": "KH",
    "code3": "KHM",
    "address_format": "",
    "postcode_required": 0,
    "call_prefix": 855,
    "has_states": 0
  },
  {
    "id": 37,
    "region": "Africa",
    "subregion": "Middle Africa",
    "title": "Cameroon",
    "native": "Cameroon",
    "code": "CM",
    "code3": "CMR",
    "address_format": "",
    "postcode_required": 0,
    "call_prefix": 237,
    "has_states": 0
  },
  {
    "id": 38,
    "region": "Americas",
    "subregion": "Northern America",
    "title": "Canada",
    "native": "Canada",
    "code": "CA",
    "code3": "CAN",
    "address_format": "",
    "postcode_required": 0,
    "call_prefix": 1,
    "has_states": 1
  },
  {
    "id": 39,
    "region": "Africa",
    "subregion": "Western Africa",
    "title": "Cape Verde",
    "native": "Cabo Verde",
    "code": "CV",
    "code3": "CPV",
    "address_format": "",
    "postcode_required": 0,
    "call_prefix": 238,
    "has_states": 0
  },
  {
    "id": 40,
    "region": "Americas",
    "subregion": "Caribbean",
    "title": "Cayman Islands",
    "native": "Cayman Islands",
    "code": "KY",
    "code3": "CYM",
    "address_format": "",
    "postcode_required": 0,
    "call_prefix": 0,
    "has_states": 0
  },
  {
    "id": 41,
    "region": "Africa",
    "subregion": "Middle Africa",
    "title": "Central African Republic",
    "native": "République centrafricaine",
    "code": "CF",
    "code3": "CAF",
    "address_format": "",
    "postcode_required": 0,
    "call_prefix": 236,
    "has_states": 0
  },
  {
    "id": 42,
    "region": "Africa",
    "subregion": "Middle Africa",
    "title": "Chad",
    "native": "تشاد\u200E",
    "code": "TD",
    "code3": "TCD",
    "address_format": "",
    "postcode_required": 0,
    "call_prefix": 235,
    "has_states": 0
  },
  {
    "id": 43,
    "region": "Americas",
    "subregion": "South America",
    "title": "Chile",
    "native": "Chile",
    "code": "CL",
    "code3": "CHL",
    "address_format": "",
    "postcode_required": 0,
    "call_prefix": 56,
    "has_states": 0
  },
  {
    "id": 44,
    "region": "Asia",
    "subregion": "Eastern Asia",
    "title": "China",
    "native": "中国",
    "code": "CN",
    "code3": "CHN",
    "address_format": "",
    "postcode_required": 0,
    "call_prefix": 86,
    "has_states": 0
  },
  {
    "id": 45,
    "region": "Oceania",
    "subregion": "Australia and New Zealand",
    "title": "Christmas Island",
    "native": "Christmas Island",
    "code": "CX",
    "code3": "CXR",
    "address_format": "",
    "postcode_required": 0,
    "call_prefix": 0,
    "has_states": 0
  },
  {
    "id": 46,
    "region": "Oceania",
    "subregion": "Australia and New Zealand",
    "title": "Cocos (Keeling) Islands",
    "native": "Cocos (Keeling) Islands",
    "code": "CC",
    "code3": "CCK",
    "address_format": "",
    "postcode_required": 0,
    "call_prefix": 0,
    "has_states": 0
  },
  {
    "id": 47,
    "region": "Americas",
    "subregion": "South America",
    "title": "Colombia",
    "native": "Colombia",
    "code": "CO",
    "code3": "COL",
    "address_format": "",
    "postcode_required": 0,
    "call_prefix": 57,
    "has_states": 0
  },
  {
    "id": 48,
    "region": "Africa",
    "subregion": "Eastern Africa",
    "title": "Comoros",
    "native": "القمر\u200E",
    "code": "KM",
    "code3": "COM",
    "address_format": "",
    "postcode_required": 0,
    "call_prefix": 269,
    "has_states": 0
  },
  {
    "id": 49,
    "region": "Africa",
    "subregion": "Middle Africa",
    "title": "Republic of the Congo",
    "native": "République du Congo",
    "code": "CG",
    "code3": "COG",
    "address_format": "",
    "postcode_required": 0,
    "call_prefix": 243,
    "has_states": 0
  },
  {
    "id": 50,
    "region": "Oceania",
    "subregion": "Polynesia",
    "title": "Cook Islands",
    "native": "Cook Islands",
    "code": "CK",
    "code3": "COK",
    "address_format": "",
    "postcode_required": 0,
    "call_prefix": 682,
    "has_states": 0
  },
  {
    "id": 51,
    "region": "Americas",
    "subregion": "Central America",
    "title": "Costa Rica",
    "native": "Costa Rica",
    "code": "CR",
    "code3": "CRI",
    "address_format": "",
    "postcode_required": 0,
    "call_prefix": 506,
    "has_states": 0
  },
  {
    "id": 52,
    "region": "Africa",
    "subregion": "Western Africa",
    "title": "Ivory Coast",
    "native": "Côte d'Ivoire",
    "code": "CI",
    "code3": "CIV",
    "address_format": "",
    "postcode_required": 0,
    "call_prefix": 225,
    "has_states": 0
  },
  {
    "id": 53,
    "region": "Europe",
    "subregion": "Southern Europe",
    "title": "Croatia",
    "native": "Hrvatska",
    "code": "HR",
    "code3": "HRV",
    "address_format": "",
    "postcode_required": 0,
    "call_prefix": 385,
    "has_states": 0
  },
  {
    "id": 54,
    "region": "Americas",
    "subregion": "Caribbean",
    "title": "Cuba",
    "native": "Cuba",
    "code": "CU",
    "code3": "CUB",
    "address_format": "",
    "postcode_required": 0,
    "call_prefix": 53,
    "has_states": 0
  },
  {
    "id": 55,
    "region": "Europe",
    "subregion": "Eastern Europe",
    "title": "Cyprus",
    "native": "Κύπρος",
    "code": "CY",
    "code3": "CYP",
    "address_format": "",
    "postcode_required": 0,
    "call_prefix": 357,
    "has_states": 0
  },
  {
    "id": 56,
    "region": "Europe",
    "subregion": "Eastern Europe",
    "title": "Czechia",
    "native": "Česko",
    "code": "CZ",
    "code3": "CZE",
    "address_format": "",
    "postcode_required": 0,
    "call_prefix": 420,
    "has_states": 0
  },
  {
    "id": 57,
    "region": "Europe",
    "subregion": "Northern Europe",
    "title": "Denmark",
    "native": "Danmark",
    "code": "DK",
    "code3": "DNK",
    "address_format": "",
    "postcode_required": 0,
    "call_prefix": 45,
    "has_states": 0
  },
  {
    "id": 58,
    "region": "Africa",
    "subregion": "Eastern Africa",
    "title": "Djibouti",
    "native": "جيبوتي\u200E",
    "code": "DJ",
    "code3": "DJI",
    "address_format": "",
    "postcode_required": 0,
    "call_prefix": 253,
    "has_states": 0
  },
  {
    "id": 59,
    "region": "Americas",
    "subregion": "Caribbean",
    "title": "Dominica",
    "native": "Dominica",
    "code": "DM",
    "code3": "DMA",
    "address_format": "",
    "postcode_required": 0,
    "call_prefix": 0,
    "has_states": 0
  },
  {
    "id": 60,
    "region": "Americas",
    "subregion": "Caribbean",
    "title": "Dominican Republic",
    "native": "República Dominicana",
    "code": "DO",
    "code3": "DOM",
    "address_format": "",
    "postcode_required": 0,
    "call_prefix": 0,
    "has_states": 0
  },
  {
    "id": 61,
    "region": "Asia",
    "subregion": "South-Eastern Asia",
    "title": "Timor-Leste",
    "native": "Timor-Leste",
    "code": "TL",
    "code3": "TLS",
    "address_format": "",
    "postcode_required": 0,
    "call_prefix": 670,
    "has_states": 0
  },
  {
    "id": 62,
    "region": "Americas",
    "subregion": "South America",
    "title": "Ecuador",
    "native": "Ecuador",
    "code": "EC",
    "code3": "ECU",
    "address_format": "",
    "postcode_required": 0,
    "call_prefix": 593,
    "has_states": 0
  },
  {
    "id": 63,
    "region": "Africa",
    "subregion": "Northern Africa",
    "title": "Egypt",
    "native": "مصر",
    "code": "EG",
    "code3": "EGY",
    "address_format": "",
    "postcode_required": 0,
    "call_prefix": 20,
    "has_states": 0
  },
  {
    "id": 64,
    "region": "Americas",
    "subregion": "Central America",
    "title": "El Salvador",
    "native": "El Salvador",
    "code": "SV",
    "code3": "SLV",
    "address_format": "",
    "postcode_required": 0,
    "call_prefix": 503,
    "has_states": 0
  },
  {
    "id": 65,
    "region": "Africa",
    "subregion": "Middle Africa",
    "title": "Equatorial Guinea",
    "native": "Guinée équatoriale",
    "code": "GQ",
    "code3": "GNQ",
    "address_format": "",
    "postcode_required": 0,
    "call_prefix": 240,
    "has_states": 0
  },
  {
    "id": 66,
    "region": "Africa",
    "subregion": "Eastern Africa",
    "title": "Eritrea",
    "native": "إرتريا\u200E",
    "code": "ER",
    "code3": "ERI",
    "address_format": "",
    "postcode_required": 0,
    "call_prefix": 291,
    "has_states": 0
  },
  {
    "id": 67,
    "region": "Europe",
    "subregion": "Northern Europe",
    "title": "Estonia",
    "native": "Eesti",
    "code": "EE",
    "code3": "EST",
    "address_format": "",
    "postcode_required": 0,
    "call_prefix": 372,
    "has_states": 0
  },
  {
    "id": 68,
    "region": "Africa",
    "subregion": "Eastern Africa",
    "title": "Ethiopia",
    "native": "ኢትዮጵያ",
    "code": "ET",
    "code3": "ETH",
    "address_format": "",
    "postcode_required": 0,
    "call_prefix": 251,
    "has_states": 0
  },
  {
    "id": 69,
    "region": "Americas",
    "subregion": "South America",
    "title": "Falkland Islands",
    "native": "Falkland Islands",
    "code": "FK",
    "code3": "FLK",
    "address_format": "",
    "postcode_required": 0,
    "call_prefix": 0,
    "has_states": 0
  },
  {
    "id": 70,
    "region": "Europe",
    "subregion": "Northern Europe",
    "title": "Faroe Islands",
    "native": "Færøerne",
    "code": "FO",
    "code3": "FRO",
    "address_format": "",
    "postcode_required": 0,
    "call_prefix": 298,
    "has_states": 0
  },
  {
    "id": 71,
    "region": "Oceania",
    "subregion": "Melanesia",
    "title": "Fiji",
    "native": "Fiji",
    "code": "FJ",
    "code3": "FJI",
    "address_format": "",
    "postcode_required": 0,
    "call_prefix": 679,
    "has_states": 0
  },
  {
    "id": 72,
    "region": "Europe",
    "subregion": "Northern Europe",
    "title": "Finland",
    "native": "Suomi",
    "code": "FI",
    "code3": "FIN",
    "address_format": "",
    "postcode_required": 0,
    "call_prefix": 358,
    "has_states": 0
  },
  {
    "id": 73,
    "region": "Europe",
    "subregion": "Western Europe",
    "title": "France",
    "native": "France",
    "code": "FR",
    "code3": "FRA",
    "address_format": "{firstname} {lastname}\r\n{company}\r\n{address1}\r\n{address2}\r\n{postcode} {city}\r\n{country}",
    "postcode_required": 1,
    "call_prefix": 33,
    "has_states": 0
  },
  {
    "id": 74,
    "region": "Americas",
    "subregion": "South America",
    "title": "French Guiana",
    "native": "Guyane française",
    "code": "GF",
    "code3": "GUF",
    "address_format": "",
    "postcode_required": 0,
    "call_prefix": 594,
    "has_states": 0
  },
  {
    "id": 75,
    "region": "Oceania",
    "subregion": "Polynesia",
    "title": "French Polynesia",
    "native": "Polynésie française",
    "code": "PF",
    "code3": "PYF",
    "address_format": "",
    "postcode_required": 0,
    "call_prefix": 689,
    "has_states": 0
  },
  {
    "id": 76,
    "region": "Antarctica",
    "subregion": "Antarctica",
    "title": "French Southern and Antarctic Lands",
    "native": "Terres australes et antarctiques françaises",
    "code": "TF",
    "code3": "ATF",
    "address_format": "",
    "postcode_required": 0,
    "call_prefix": 0,
    "has_states": 0
  },
  {
    "id": 77,
    "region": "Africa",
    "subregion": "Middle Africa",
    "title": "Gabon",
    "native": "Gabon",
    "code": "GA",
    "code3": "GAB",
    "address_format": "",
    "postcode_required": 0,
    "call_prefix": 241,
    "has_states": 0
  },
  {
    "id": 78,
    "region": "Africa",
    "subregion": "Western Africa",
    "title": "Gambia",
    "native": "Gambia",
    "code": "GM",
    "code3": "GMB",
    "address_format": "",
    "postcode_required": 0,
    "call_prefix": 220,
    "has_states": 0
  },
  {
    "id": 79,
    "region": "Asia",
    "subregion": "Western Asia",
    "title": "Georgia",
    "native": "საქართველო",
    "code": "GE",
    "code3": "GEO",
    "address_format": "",
    "postcode_required": 0,
    "call_prefix": 995,
    "has_states": 0
  },
  {
    "id": 80,
    "region": "Europe",
    "subregion": "Western Europe",
    "title": "Germany",
    "native": "Deutschland",
    "code": "DE",
    "code3": "DEU",
    "address_format": "{company}\r\n{firstname} {lastname}\r\n{address1}\r\n{address2}\r\n{postcode} {city}\r\n{country}",
    "postcode_required": 1,
    "call_prefix": 49,
    "has_states": 0
  },
  {
    "id": 81,
    "region": "Africa",
    "subregion": "Western Africa",
    "title": "Ghana",
    "native": "Ghana",
    "code": "GH",
    "code3": "GHA",
    "address_format": "",
    "postcode_required": 0,
    "call_prefix": 233,
    "has_states": 0
  },
  {
    "id": 82,
    "region": "Europe",
    "subregion": "Southern Europe",
    "title": "Gibraltar",
    "native": "Gibraltar",
    "code": "GI",
    "code3": "GIB",
    "address_format": "",
    "postcode_required": 0,
    "call_prefix": 350,
    "has_states": 0
  },
  {
    "id": 83,
    "region": "Europe",
    "subregion": "Southern Europe",
    "title": "Greece",
    "native": "Ελλάδα",
    "code": "GR",
    "code3": "GRC",
    "address_format": "",
    "postcode_required": 0,
    "call_prefix": 30,
    "has_states": 0
  },
  {
    "id": 84,
    "region": "Americas",
    "subregion": "Northern America",
    "title": "Greenland",
    "native": "Kalaallit Nunaat",
    "code": "GL",
    "code3": "GRL",
    "address_format": "",
    "postcode_required": 0,
    "call_prefix": 299,
    "has_states": 0
  },
  {
    "id": 85,
    "region": "Americas",
    "subregion": "Caribbean",
    "title": "Grenada",
    "native": "Grenada",
    "code": "GD",
    "code3": "GRD",
    "address_format": "",
    "postcode_required": 0,
    "call_prefix": 0,
    "has_states": 0
  },
  {
    "id": 86,
    "region": "Americas",
    "subregion": "Caribbean",
    "title": "Guadeloupe",
    "native": "Guadeloupe",
    "code": "GP",
    "code3": "GLP",
    "address_format": "",
    "postcode_required": 0,
    "call_prefix": 590,
    "has_states": 0
  },
  {
    "id": 87,
    "region": "Oceania",
    "subregion": "Micronesia",
    "title": "Guam",
    "native": "Guåhån",
    "code": "GU",
    "code3": "GUM",
    "address_format": "",
    "postcode_required": 0,
    "call_prefix": 0,
    "has_states": 0
  },
  {
    "id": 88,
    "region": "Americas",
    "subregion": "Central America",
    "title": "Guatemala",
    "native": "Guatemala",
    "code": "GT",
    "code3": "GTM",
    "address_format": "",
    "postcode_required": 0,
    "call_prefix": 502,
    "has_states": 0
  },
  {
    "id": 89,
    "region": "Africa",
    "subregion": "Western Africa",
    "title": "Guinea",
    "native": "Guinée",
    "code": "GN",
    "code3": "GIN",
    "address_format": "",
    "postcode_required": 0,
    "call_prefix": 224,
    "has_states": 0
  },
  {
    "id": 90,
    "region": "Africa",
    "subregion": "Western Africa",
    "title": "Guinea-Bissau",
    "native": "Guiné-Bissau",
    "code": "GW",
    "code3": "GNB",
    "address_format": "",
    "postcode_required": 0,
    "call_prefix": 245,
    "has_states": 0
  },
  {
    "id": 91,
    "region": "Americas",
    "subregion": "South America",
    "title": "Guyana",
    "native": "Guyana",
    "code": "GY",
    "code3": "GUY",
    "address_format": "",
    "postcode_required": 0,
    "call_prefix": 592,
    "has_states": 0
  },
  {
    "id": 92,
    "region": "Americas",
    "subregion": "Caribbean",
    "title": "Haiti",
    "native": "Haïti",
    "code": "HT",
    "code3": "HTI",
    "address_format": "",
    "postcode_required": 0,
    "call_prefix": 509,
    "has_states": 0
  },
  {
    "id": 93,
    "region": "Oceania",
    "subregion": "Australia and New Zealand",
    "title": "Heard Island and McDonald Islands",
    "native": "Heard Island and McDonald Islands",
    "code": "HM",
    "code3": "HMD",
    "address_format": "",
    "postcode_required": 0,
    "call_prefix": 0,
    "has_states": 0
  },
  {
    "id": 94,
    "region": "Americas",
    "subregion": "Central America",
    "title": "Honduras",
    "native": "Honduras",
    "code": "HN",
    "code3": "HND",
    "address_format": "",
    "postcode_required": 0,
    "call_prefix": 504,
    "has_states": 0
  },
  {
    "id": 95,
    "region": "Asia",
    "subregion": "Eastern Asia",
    "title": "Hong Kong",
    "native": "Hong Kong",
    "code": "HK",
    "code3": "HKG",
    "address_format": "",
    "postcode_required": 0,
    "call_prefix": 852,
    "has_states": 0
  },
  {
    "id": 96,
    "region": "Europe",
    "subregion": "Eastern Europe",
    "title": "Hungary",
    "native": "Magyarország",
    "code": "HU",
    "code3": "HUN",
    "address_format": "",
    "postcode_required": 0,
    "call_prefix": 36,
    "has_states": 0
  },
  {
    "id": 97,
    "region": "Europe",
    "subregion": "Northern Europe",
    "title": "Iceland",
    "native": "Ísland",
    "code": "IS",
    "code3": "ISL",
    "address_format": "",
    "postcode_required": 0,
    "call_prefix": 354,
    "has_states": 0
  },
  {
    "id": 98,
    "region": "Asia",
    "subregion": "Southern Asia",
    "title": "India",
    "native": "India",
    "code": "IN",
    "code3": "IND",
    "address_format": "",
    "postcode_required": 0,
    "call_prefix": 91,
    "has_states": 0
  },
  {
    "id": 99,
    "region": "Asia",
    "subregion": "South-Eastern Asia",
    "title": "Indonesia",
    "native": "Indonesia",
    "code": "ID",
    "code3": "IDN",
    "address_format": "",
    "postcode_required": 0,
    "call_prefix": 62,
    "has_states": 1
  },
  {
    "id": 100,
    "region": "Asia",
    "subregion": "Southern Asia",
    "title": "Iran",
    "native": "ایران",
    "code": "IR",
    "code3": "IRN",
    "address_format": "",
    "postcode_required": 0,
    "call_prefix": 98,
    "has_states": 0
  },
  {
    "id": 101,
    "region": "Asia",
    "subregion": "Western Asia",
    "title": "Iraq",
    "native": "العراق",
    "code": "IQ",
    "code3": "IRQ",
    "address_format": "",
    "postcode_required": 0,
    "call_prefix": 964,
    "has_states": 0
  },
  {
    "id": 102,
    "region": "Europe",
    "subregion": "Northern Europe",
    "title": "Ireland",
    "native": "Ireland",
    "code": "IE",
    "code3": "IRL",
    "address_format": "",
    "postcode_required": 0,
    "call_prefix": 353,
    "has_states": 0
  },
  {
    "id": 103,
    "region": "Asia",
    "subregion": "Western Asia",
    "title": "Israel",
    "native": "إسرائيل",
    "code": "IL",
    "code3": "ISR",
    "address_format": "",
    "postcode_required": 0,
    "call_prefix": 972,
    "has_states": 0
  },
  {
    "id": 104,
    "region": "Europe",
    "subregion": "Southern Europe",
    "title": "Italy",
    "native": "Italien",
    "code": "IT",
    "code3": "ITA",
    "address_format": "",
    "postcode_required": 0,
    "call_prefix": 39,
    "has_states": 1
  },
  {
    "id": 105,
    "region": "Americas",
    "subregion": "Caribbean",
    "title": "Jamaica",
    "native": "Jamaica",
    "code": "JM",
    "code3": "JAM",
    "address_format": "",
    "postcode_required": 0,
    "call_prefix": 0,
    "has_states": 0
  },
  {
    "id": 106,
    "region": "Asia",
    "subregion": "Eastern Asia",
    "title": "Japan",
    "native": "日本",
    "code": "JP",
    "code3": "JPN",
    "address_format": "",
    "postcode_required": 0,
    "call_prefix": 81,
    "has_states": 1
  },
  {
    "id": 107,
    "region": "Asia",
    "subregion": "Western Asia",
    "title": "Jordan",
    "native": "الأردن",
    "code": "JO",
    "code3": "JOR",
    "address_format": "",
    "postcode_required": 0,
    "call_prefix": 962,
    "has_states": 0
  },
  {
    "id": 108,
    "region": "Asia",
    "subregion": "Central Asia",
    "title": "Kazakhstan",
    "native": "Қазақстан",
    "code": "KZ",
    "code3": "KAZ",
    "address_format": "",
    "postcode_required": 0,
    "call_prefix": 7,
    "has_states": 0
  },
  {
    "id": 109,
    "region": "Africa",
    "subregion": "Eastern Africa",
    "title": "Kenya",
    "native": "Kenya",
    "code": "KE",
    "code3": "KEN",
    "address_format": "",
    "postcode_required": 0,
    "call_prefix": 254,
    "has_states": 0
  },
  {
    "id": 110,
    "region": "Oceania",
    "subregion": "Micronesia",
    "title": "Kiribati",
    "native": "Kiribati",
    "code": "KI",
    "code3": "KIR",
    "address_format": "",
    "postcode_required": 0,
    "call_prefix": 686,
    "has_states": 0
  },
  {
    "id": 111,
    "region": "Asia",
    "subregion": "Eastern Asia",
    "title": "North Korea",
    "native": "북한",
    "code": "KP",
    "code3": "PRK",
    "address_format": "",
    "postcode_required": 0,
    "call_prefix": 850,
    "has_states": 0
  },
  {
    "id": 112,
    "region": "Asia",
    "subregion": "Eastern Asia",
    "title": "South Korea",
    "native": "대한민국",
    "code": "KR",
    "code3": "KOR",
    "address_format": "",
    "postcode_required": 0,
    "call_prefix": 82,
    "has_states": 0
  },
  {
    "id": 113,
    "region": "Asia",
    "subregion": "Western Asia",
    "title": "Kuwait",
    "native": "الكويت",
    "code": "KW",
    "code3": "KWT",
    "address_format": "",
    "postcode_required": 0,
    "call_prefix": 965,
    "has_states": 0
  },
  {
    "id": 114,
    "region": "Asia",
    "subregion": "Central Asia",
    "title": "Kyrgyzstan",
    "native": "Кыргызстан",
    "code": "KG",
    "code3": "KGZ",
    "address_format": "",
    "postcode_required": 0,
    "call_prefix": 996,
    "has_states": 0
  },
  {
    "id": 115,
    "region": "Asia",
    "subregion": "South-Eastern Asia",
    "title": "Laos",
    "native": "ສປປລາວ",
    "code": "LA",
    "code3": "LAO",
    "address_format": "",
    "postcode_required": 0,
    "call_prefix": 856,
    "has_states": 0
  },
  {
    "id": 116,
    "region": "Europe",
    "subregion": "Northern Europe",
    "title": "Latvia",
    "native": "Latvija",
    "code": "LV",
    "code3": "LVA",
    "address_format": "",
    "postcode_required": 0,
    "call_prefix": 371,
    "has_states": 0
  },
  {
    "id": 117,
    "region": "Asia",
    "subregion": "Western Asia",
    "title": "Lebanon",
    "native": "لبنان",
    "code": "LB",
    "code3": "LBN",
    "address_format": "",
    "postcode_required": 0,
    "call_prefix": 961,
    "has_states": 0
  },
  {
    "id": 118,
    "region": "Africa",
    "subregion": "Southern Africa",
    "title": "Lesotho",
    "native": "Lesotho",
    "code": "LS",
    "code3": "LSO",
    "address_format": "",
    "postcode_required": 0,
    "call_prefix": 266,
    "has_states": 0
  },
  {
    "id": 119,
    "region": "Africa",
    "subregion": "Western Africa",
    "title": "Liberia",
    "native": "Liberia",
    "code": "LR",
    "code3": "LBR",
    "address_format": "",
    "postcode_required": 0,
    "call_prefix": 231,
    "has_states": 0
  },
  {
    "id": 120,
    "region": "Africa",
    "subregion": "Northern Africa",
    "title": "Libya",
    "native": "\u200Fليبيا",
    "code": "LY",
    "code3": "LBY",
    "address_format": "",
    "postcode_required": 0,
    "call_prefix": 218,
    "has_states": 0
  },
  {
    "id": 121,
    "region": "Europe",
    "subregion": "Western Europe",
    "title": "Liechtenstein",
    "native": "Liechtenstein",
    "code": "LI",
    "code3": "LIE",
    "address_format": "",
    "postcode_required": 0,
    "call_prefix": 423,
    "has_states": 0
  },
  {
    "id": 122,
    "region": "Europe",
    "subregion": "Northern Europe",
    "title": "Lithuania",
    "native": "Lietuva",
    "code": "LT",
    "code3": "LTU",
    "address_format": "",
    "postcode_required": 0,
    "call_prefix": 370,
    "has_states": 0
  },
  {
    "id": 123,
    "region": "Europe",
    "subregion": "Western Europe",
    "title": "Luxembourg",
    "native": "Luxemburg",
    "code": "LU",
    "code3": "LUX",
    "address_format": "",
    "postcode_required": 0,
    "call_prefix": 352,
    "has_states": 0
  },
  {
    "id": 124,
    "region": "Asia",
    "subregion": "Eastern Asia",
    "title": "Macau",
    "native": "Macau",
    "code": "MO",
    "code3": "MAC",
    "address_format": "",
    "postcode_required": 0,
    "call_prefix": 853,
    "has_states": 0
  },
  {
    "id": 125,
    "region": "Europe",
    "subregion": "Southern Europe",
    "title": "Macedonia",
    "native": "Македонија",
    "code": "MK",
    "code3": "MKD",
    "address_format": "",
    "postcode_required": 0,
    "call_prefix": 389,
    "has_states": 0
  },
  {
    "id": 126,
    "region": "Africa",
    "subregion": "Eastern Africa",
    "title": "Madagascar",
    "native": "Madagascar",
    "code": "MG",
    "code3": "MDG",
    "address_format": "",
    "postcode_required": 0,
    "call_prefix": 261,
    "has_states": 0
  },
  {
    "id": 127,
    "region": "Africa",
    "subregion": "Eastern Africa",
    "title": "Malawi",
    "native": "Malawi",
    "code": "MW",
    "code3": "MWI",
    "address_format": "",
    "postcode_required": 0,
    "call_prefix": 265,
    "has_states": 0
  },
  {
    "id": 128,
    "region": "Asia",
    "subregion": "South-Eastern Asia",
    "title": "Malaysia",
    "native": "Malaysia",
    "code": "MY",
    "code3": "MYS",
    "address_format": "",
    "postcode_required": 0,
    "call_prefix": 60,
    "has_states": 0
  },
  {
    "id": 129,
    "region": "Asia",
    "subregion": "Southern Asia",
    "title": "Maldives",
    "native": "ދިވެހިރާއްޖޭގެ",
    "code": "MV",
    "code3": "MDV",
    "address_format": "",
    "postcode_required": 0,
    "call_prefix": 960,
    "has_states": 0
  },
  {
    "id": 130,
    "region": "Africa",
    "subregion": "Western Africa",
    "title": "Mali",
    "native": "Mali",
    "code": "ML",
    "code3": "MLI",
    "address_format": "",
    "postcode_required": 0,
    "call_prefix": 223,
    "has_states": 0
  },
  {
    "id": 131,
    "region": "Europe",
    "subregion": "Southern Europe",
    "title": "Malta",
    "native": "Malta",
    "code": "MT",
    "code3": "MLT",
    "address_format": "",
    "postcode_required": 0,
    "call_prefix": 356,
    "has_states": 0
  },
  {
    "id": 132,
    "region": "Oceania",
    "subregion": "Micronesia",
    "title": "Marshall Islands",
    "native": "Marshall Islands",
    "code": "MH",
    "code3": "MHL",
    "address_format": "",
    "postcode_required": 0,
    "call_prefix": 692,
    "has_states": 0
  },
  {
    "id": 133,
    "region": "Americas",
    "subregion": "Caribbean",
    "title": "Martinique",
    "native": "Martinique",
    "code": "MQ",
    "code3": "MTQ",
    "address_format": "",
    "postcode_required": 0,
    "call_prefix": 596,
    "has_states": 0
  },
  {
    "id": 134,
    "region": "Africa",
    "subregion": "Western Africa",
    "title": "Mauritania",
    "native": "موريتانيا",
    "code": "MR",
    "code3": "MRT",
    "address_format": "",
    "postcode_required": 0,
    "call_prefix": 222,
    "has_states": 0
  },
  {
    "id": 135,
    "region": "Africa",
    "subregion": "Eastern Africa",
    "title": "Mauritius",
    "native": "Mauritius",
    "code": "MU",
    "code3": "MUS",
    "address_format": "",
    "postcode_required": 0,
    "call_prefix": 230,
    "has_states": 0
  },
  {
    "id": 136,
    "region": "Africa",
    "subregion": "Eastern Africa",
    "title": "Mayotte",
    "native": "Mayotte",
    "code": "YT",
    "code3": "MYT",
    "address_format": "",
    "postcode_required": 0,
    "call_prefix": 262,
    "has_states": 0
  },
  {
    "id": 137,
    "region": "Americas",
    "subregion": "Northern America",
    "title": "Mexico",
    "native": "México",
    "code": "MX",
    "code3": "MEX",
    "address_format": "",
    "postcode_required": 0,
    "call_prefix": 52,
    "has_states": 1
  },
  {
    "id": 138,
    "region": "Oceania",
    "subregion": "Micronesia",
    "title": "Micronesia",
    "native": "Micronesia",
    "code": "FM",
    "code3": "FSM",
    "address_format": "",
    "postcode_required": 0,
    "call_prefix": 691,
    "has_states": 0
  },
  {
    "id": 139,
    "region": "Europe",
    "subregion": "Eastern Europe",
    "title": "Moldova",
    "native": "Moldova",
    "code": "MD",
    "code3": "MDA",
    "address_format": "",
    "postcode_required": 0,
    "call_prefix": 373,
    "has_states": 0
  },
  {
    "id": 140,
    "region": "Europe",
    "subregion": "Western Europe",
    "title": "Monaco",
    "native": "Monaco",
    "code": "MC",
    "code3": "MCO",
    "address_format": "",
    "postcode_required": 0,
    "call_prefix": 377,
    "has_states": 0
  },
  {
    "id": 141,
    "region": "Asia",
    "subregion": "Eastern Asia",
    "title": "Mongolia",
    "native": "Монгол улс",
    "code": "MN",
    "code3": "MNG",
    "address_format": "",
    "postcode_required": 0,
    "call_prefix": 976,
    "has_states": 0
  },
  {
    "id": 142,
    "region": "Americas",
    "subregion": "Caribbean",
    "title": "Montserrat",
    "native": "Montserrat",
    "code": "MS",
    "code3": "MSR",
    "address_format": "",
    "postcode_required": 0,
    "call_prefix": 0,
    "has_states": 0
  },
  {
    "id": 143,
    "region": "Africa",
    "subregion": "Northern Africa",
    "title": "Morocco",
    "native": "المغرب",
    "code": "MA",
    "code3": "MAR",
    "address_format": "",
    "postcode_required": 0,
    "call_prefix": 212,
    "has_states": 0
  },
  {
    "id": 144,
    "region": "Africa",
    "subregion": "Eastern Africa",
    "title": "Mozambique",
    "native": "Moçambique",
    "code": "MZ",
    "code3": "MOZ",
    "address_format": "",
    "postcode_required": 0,
    "call_prefix": 258,
    "has_states": 0
  },
  {
    "id": 145,
    "region": "Asia",
    "subregion": "South-Eastern Asia",
    "title": "Myanmar",
    "native": "မြန်မာ",
    "code": "MM",
    "code3": "MMR",
    "address_format": "",
    "postcode_required": 0,
    "call_prefix": 95,
    "has_states": 0
  },
  {
    "id": 146,
    "region": "Africa",
    "subregion": "Southern Africa",
    "title": "Namibia",
    "native": "Namibië",
    "code": "NA",
    "code3": "NAM",
    "address_format": "",
    "postcode_required": 0,
    "call_prefix": 264,
    "has_states": 0
  },
  {
    "id": 147,
    "region": "Oceania",
    "subregion": "Micronesia",
    "title": "Nauru",
    "native": "Nauru",
    "code": "NR",
    "code3": "NRU",
    "address_format": "",
    "postcode_required": 0,
    "call_prefix": 674,
    "has_states": 0
  },
  {
    "id": 148,
    "region": "Asia",
    "subregion": "Southern Asia",
    "title": "Nepal",
    "native": "नेपाल",
    "code": "NP",
    "code3": "NPL",
    "address_format": "",
    "postcode_required": 0,
    "call_prefix": 977,
    "has_states": 0
  },
  {
    "id": 149,
    "region": "Europe",
    "subregion": "Western Europe",
    "title": "Netherlands",
    "native": "Nederland",
    "code": "NL",
    "code3": "NLD",
    "address_format": "",
    "postcode_required": 0,
    "call_prefix": 31,
    "has_states": 0
  },
  {
    "id": 150,
    "region": "Americas",
    "subregion": "South America",
    "title": "Netherlands Antilles",
    "native": "",
    "code": "AN",
    "code3": "ANT",
    "address_format": "",
    "postcode_required": 0,
    "call_prefix": 599,
    "has_states": 0
  },
  {
    "id": 151,
    "region": "Oceania",
    "subregion": "Melanesia",
    "title": "New Caledonia",
    "native": "Nouvelle-Calédonie",
    "code": "NC",
    "code3": "NCL",
    "address_format": "",
    "postcode_required": 0,
    "call_prefix": 687,
    "has_states": 0
  },
  {
    "id": 152,
    "region": "Oceania",
    "subregion": "Australia and New Zealand",
    "title": "New Zealand",
    "native": "New Zealand",
    "code": "NZ",
    "code3": "NZL",
    "address_format": "",
    "postcode_required": 0,
    "call_prefix": 64,
    "has_states": 0
  },
  {
    "id": 153,
    "region": "Americas",
    "subregion": "Central America",
    "title": "Nicaragua",
    "native": "Nicaragua",
    "code": "NI",
    "code3": "NIC",
    "address_format": "",
    "postcode_required": 0,
    "call_prefix": 505,
    "has_states": 0
  },
  {
    "id": 154,
    "region": "Africa",
    "subregion": "Western Africa",
    "title": "Niger",
    "native": "Niger",
    "code": "NE",
    "code3": "NER",
    "address_format": "",
    "postcode_required": 0,
    "call_prefix": 227,
    "has_states": 0
  },
  {
    "id": 155,
    "region": "Africa",
    "subregion": "Western Africa",
    "title": "Nigeria",
    "native": "Nigeria",
    "code": "NG",
    "code3": "NGA",
    "address_format": "",
    "postcode_required": 0,
    "call_prefix": 234,
    "has_states": 0
  },
  {
    "id": 156,
    "region": "Oceania",
    "subregion": "Polynesia",
    "title": "Niue",
    "native": "Niue",
    "code": "NU",
    "code3": "NIU",
    "address_format": "",
    "postcode_required": 0,
    "call_prefix": 683,
    "has_states": 0
  },
  {
    "id": 157,
    "region": "Oceania",
    "subregion": "Australia and New Zealand",
    "title": "Norfolk Island",
    "native": "Norfolk Island",
    "code": "NF",
    "code3": "NFK",
    "address_format": "",
    "postcode_required": 0,
    "call_prefix": 0,
    "has_states": 0
  },
  {
    "id": 158,
    "region": "Oceania",
    "subregion": "Micronesia",
    "title": "Northern Mariana Islands",
    "native": "Northern Mariana Islands",
    "code": "MP",
    "code3": "MNP",
    "address_format": "",
    "postcode_required": 0,
    "call_prefix": 0,
    "has_states": 0
  },
  {
    "id": 159,
    "region": "Europe",
    "subregion": "Northern Europe",
    "title": "Norway",
    "native": "Noreg",
    "code": "NO",
    "code3": "NOR",
    "address_format": "",
    "postcode_required": 0,
    "call_prefix": 47,
    "has_states": 0
  },
  {
    "id": 160,
    "region": "Asia",
    "subregion": "Western Asia",
    "title": "Oman",
    "native": "عمان",
    "code": "OM",
    "code3": "OMN",
    "address_format": "",
    "postcode_required": 0,
    "call_prefix": 968,
    "has_states": 0
  },
  {
    "id": 161,
    "region": "Asia",
    "subregion": "Southern Asia",
    "title": "Pakistan",
    "native": "Pakistan",
    "code": "PK",
    "code3": "PAK",
    "address_format": "",
    "postcode_required": 0,
    "call_prefix": 92,
    "has_states": 0
  },
  {
    "id": 162,
    "region": "Oceania",
    "subregion": "Micronesia",
    "title": "Palau",
    "native": "Palau",
    "code": "PW",
    "code3": "PLW",
    "address_format": "",
    "postcode_required": 0,
    "call_prefix": 680,
    "has_states": 0
  },
  {
    "id": 163,
    "region": "Americas",
    "subregion": "Central America",
    "title": "Panama",
    "native": "Panamá",
    "code": "PA",
    "code3": "PAN",
    "address_format": "",
    "postcode_required": 0,
    "call_prefix": 507,
    "has_states": 0
  },
  {
    "id": 164,
    "region": "Oceania",
    "subregion": "Melanesia",
    "title": "Papua New Guinea",
    "native": "Papua New Guinea",
    "code": "PG",
    "code3": "PNG",
    "address_format": "",
    "postcode_required": 0,
    "call_prefix": 675,
    "has_states": 0
  },
  {
    "id": 165,
    "region": "Americas",
    "subregion": "South America",
    "title": "Paraguay",
    "native": "Paraguái",
    "code": "PY",
    "code3": "PRY",
    "address_format": "",
    "postcode_required": 0,
    "call_prefix": 595,
    "has_states": 0
  },
  {
    "id": 166,
    "region": "Americas",
    "subregion": "South America",
    "title": "Peru",
    "native": "Piruw",
    "code": "PE",
    "code3": "PER",
    "address_format": "",
    "postcode_required": 0,
    "call_prefix": 51,
    "has_states": 0
  },
  {
    "id": 167,
    "region": "Asia",
    "subregion": "South-Eastern Asia",
    "title": "Philippines",
    "native": "Philippines",
    "code": "PH",
    "code3": "PHL",
    "address_format": "",
    "postcode_required": 0,
    "call_prefix": 63,
    "has_states": 0
  },
  {
    "id": 168,
    "region": "Oceania",
    "subregion": "Polynesia",
    "title": "Pitcairn Islands",
    "native": "Pitcairn Islands",
    "code": "PN",
    "code3": "PCN",
    "address_format": "",
    "postcode_required": 0,
    "call_prefix": 0,
    "has_states": 0
  },
  {
    "id": 169,
    "region": "Europe",
    "subregion": "Eastern Europe",
    "title": "Poland",
    "native": "Polska",
    "code": "PL",
    "code3": "POL",
    "address_format": "",
    "postcode_required": 0,
    "call_prefix": 48,
    "has_states": 0
  },
  {
    "id": 170,
    "region": "Europe",
    "subregion": "Southern Europe",
    "title": "Portugal",
    "native": "Portugal",
    "code": "PT",
    "code3": "PRT",
    "address_format": "",
    "postcode_required": 0,
    "call_prefix": 351,
    "has_states": 0
  },
  {
    "id": 171,
    "region": "Americas",
    "subregion": "Caribbean",
    "title": "Puerto Rico",
    "native": "Puerto Rico",
    "code": "PR",
    "code3": "PRI",
    "address_format": "",
    "postcode_required": 0,
    "call_prefix": 0,
    "has_states": 0
  },
  {
    "id": 172,
    "region": "Asia",
    "subregion": "Western Asia",
    "title": "Qatar",
    "native": "قطر",
    "code": "QA",
    "code3": "QAT",
    "address_format": "",
    "postcode_required": 0,
    "call_prefix": 974,
    "has_states": 0
  },
  {
    "id": 173,
    "region": "Africa",
    "subregion": "Eastern Africa",
    "title": "Réunion",
    "native": "La Réunion",
    "code": "RE",
    "code3": "REU",
    "address_format": "",
    "postcode_required": 0,
    "call_prefix": 262,
    "has_states": 0
  },
  {
    "id": 174,
    "region": "Europe",
    "subregion": "Eastern Europe",
    "title": "Romania",
    "native": "România",
    "code": "RO",
    "code3": "ROM",
    "address_format": "",
    "postcode_required": 0,
    "call_prefix": 40,
    "has_states": 0
  },
  {
    "id": 175,
    "region": "Europe",
    "subregion": "Eastern Europe",
    "title": "Russia",
    "native": "Россия",
    "code": "RU",
    "code3": "RUS",
    "address_format": "",
    "postcode_required": 0,
    "call_prefix": 7,
    "has_states": 0
  },
  {
    "id": 176,
    "region": "Africa",
    "subregion": "Eastern Africa",
    "title": "Rwanda",
    "native": "Rwanda",
    "code": "RW",
    "code3": "RWA",
    "address_format": "",
    "postcode_required": 0,
    "call_prefix": 250,
    "has_states": 0
  },
  {
    "id": 177,
    "region": "Americas",
    "subregion": "Caribbean",
    "title": "Saint Kitts and Nevis",
    "native": "Saint Kitts and Nevis",
    "code": "KN",
    "code3": "KNA",
    "address_format": "",
    "postcode_required": 0,
    "call_prefix": 0,
    "has_states": 0
  },
  {
    "id": 178,
    "region": "Americas",
    "subregion": "Caribbean",
    "title": "Saint Lucia",
    "native": "Saint Lucia",
    "code": "LC",
    "code3": "LCA",
    "address_format": "",
    "postcode_required": 0,
    "call_prefix": 0,
    "has_states": 0
  },
  {
    "id": 179,
    "region": "Americas",
    "subregion": "Caribbean",
    "title": "Saint Vincent and the Grenadines",
    "native": "Saint Vincent and the Grenadines",
    "code": "VC",
    "code3": "VCT",
    "address_format": "",
    "postcode_required": 0,
    "call_prefix": 0,
    "has_states": 0
  },
  {
    "id": 180,
    "region": "Oceania",
    "subregion": "Polynesia",
    "title": "Samoa",
    "native": "Samoa",
    "code": "WS",
    "code3": "WSM",
    "address_format": "",
    "postcode_required": 0,
    "call_prefix": 685,
    "has_states": 0
  },
  {
    "id": 181,
    "region": "Europe",
    "subregion": "Southern Europe",
    "title": "San Marino",
    "native": "San Marino",
    "code": "SM",
    "code3": "SMR",
    "address_format": "",
    "postcode_required": 0,
    "call_prefix": 378,
    "has_states": 0
  },
  {
    "id": 182,
    "region": "Africa",
    "subregion": "Middle Africa",
    "title": "São Tomé and Príncipe",
    "native": "São Tomé e Príncipe",
    "code": "ST",
    "code3": "STP",
    "address_format": "",
    "postcode_required": 0,
    "call_prefix": 239,
    "has_states": 0
  },
  {
    "id": 183,
    "region": "Asia",
    "subregion": "Western Asia",
    "title": "Saudi Arabia",
    "native": "العربية السعودية",
    "code": "SA",
    "code3": "SAU",
    "address_format": "",
    "postcode_required": 0,
    "call_prefix": 966,
    "has_states": 0
  },
  {
    "id": 184,
    "region": "Africa",
    "subregion": "Western Africa",
    "title": "Senegal",
    "native": "Sénégal",
    "code": "SN",
    "code3": "SEN",
    "address_format": "",
    "postcode_required": 0,
    "call_prefix": 221,
    "has_states": 0
  },
  {
    "id": 185,
    "region": "Africa",
    "subregion": "Eastern Africa",
    "title": "Seychelles",
    "native": "Sesel",
    "code": "SC",
    "code3": "SYC",
    "address_format": "",
    "postcode_required": 0,
    "call_prefix": 248,
    "has_states": 0
  },
  {
    "id": 186,
    "region": "Africa",
    "subregion": "Western Africa",
    "title": "Sierra Leone",
    "native": "Sierra Leone",
    "code": "SL",
    "code3": "SLE",
    "address_format": "",
    "postcode_required": 0,
    "call_prefix": 232,
    "has_states": 0
  },
  {
    "id": 187,
    "region": "Asia",
    "subregion": "South-Eastern Asia",
    "title": "Singapore",
    "native": "新加坡",
    "code": "SG",
    "code3": "SGP",
    "address_format": "",
    "postcode_required": 0,
    "call_prefix": 65,
    "has_states": 0
  },
  {
    "id": 188,
    "region": "Europe",
    "subregion": "Central Europe",
    "title": "Slovakia",
    "native": "Slovensko",
    "code": "SK",
    "code3": "SVK",
    "address_format": "{firstname} {lastname}\r\n{company}\r\n{address1}\r\n{address2}\r\n{city} {postcode}\r\n{zone}\r\n{country}",
    "postcode_required": 0,
    "call_prefix": 421,
    "has_states": 0
  },
  {
    "id": 189,
    "region": "Europe",
    "subregion": "Southern Europe",
    "title": "Slovenia",
    "native": "Slovenija",
    "code": "SI",
    "code3": "SVN",
    "address_format": "",
    "postcode_required": 0,
    "call_prefix": 386,
    "has_states": 0
  },
  {
    "id": 190,
    "region": "Oceania",
    "subregion": "Melanesia",
    "title": "Solomon Islands",
    "native": "Solomon Islands",
    "code": "SB",
    "code3": "SLB",
    "address_format": "",
    "postcode_required": 0,
    "call_prefix": 677,
    "has_states": 0
  },
  {
    "id": 191,
    "region": "Africa",
    "subregion": "Eastern Africa",
    "title": "Somalia",
    "native": "الصومال\u200E\u200E",
    "code": "SO",
    "code3": "SOM",
    "address_format": "",
    "postcode_required": 0,
    "call_prefix": 252,
    "has_states": 0
  },
  {
    "id": 192,
    "region": "Africa",
    "subregion": "Southern Africa",
    "title": "South Africa",
    "native": "South Africa",
    "code": "ZA",
    "code3": "ZAF",
    "address_format": "",
    "postcode_required": 0,
    "call_prefix": 27,
    "has_states": 0
  },
  {
    "id": 193,
    "region": "Americas",
    "subregion": "South America",
    "title": "South Georgia",
    "native": "South Georgia",
    "code": "GS",
    "code3": "SGS",
    "address_format": "",
    "postcode_required": 0,
    "call_prefix": 0,
    "has_states": 0
  },
  {
    "id": 194,
    "region": "Europe",
    "subregion": "Southern Europe",
    "title": "Spain",
    "native": "Espanya",
    "code": "ES",
    "code3": "ESP",
    "address_format": "",
    "postcode_required": 0,
    "call_prefix": 34,
    "has_states": 0
  },
  {
    "id": 195,
    "region": "Asia",
    "subregion": "Southern Asia",
    "title": "Sri Lanka",
    "native": "ශ්\u200Dරී ලංකාව",
    "code": "LK",
    "code3": "LKA",
    "address_format": "",
    "postcode_required": 0,
    "call_prefix": 94,
    "has_states": 0
  },
  {
    "id": 196,
    "region": "Africa",
    "subregion": "Southern Africa",
    "title": "St. Helena",
    "native": "",
    "code": "SH",
    "code3": "SHN",
    "address_format": "",
    "postcode_required": 0,
    "call_prefix": 0,
    "has_states": 0
  },
  {
    "id": 197,
    "region": "Americas",
    "subregion": "Northern America",
    "title": "Saint Pierre and Miquelon",
    "native": "Saint-Pierre-et-Miquelon",
    "code": "PM",
    "code3": "SPM",
    "address_format": "",
    "postcode_required": 0,
    "call_prefix": 508,
    "has_states": 0
  },
  {
    "id": 198,
    "region": "Africa",
    "subregion": "Northern Africa",
    "title": "Sudan",
    "native": "السودان",
    "code": "SD",
    "code3": "SDN",
    "address_format": "",
    "postcode_required": 0,
    "call_prefix": 249,
    "has_states": 0
  },
  {
    "id": 199,
    "region": "Americas",
    "subregion": "South America",
    "title": "Suriname",
    "native": "Suriname",
    "code": "SR",
    "code3": "SUR",
    "address_format": "",
    "postcode_required": 0,
    "call_prefix": 597,
    "has_states": 0
  },
  {
    "id": 200,
    "region": "Europe",
    "subregion": "Northern Europe",
    "title": "Svalbard and Jan Mayen",
    "native": "Svalbard og Jan Mayen",
    "code": "SJ",
    "code3": "SJM",
    "address_format": "",
    "postcode_required": 0,
    "call_prefix": 0,
    "has_states": 0
  },
  {
    "id": 201,
    "region": "Africa",
    "subregion": "Southern Africa",
    "title": "Swaziland",
    "native": "Swaziland",
    "code": "SZ",
    "code3": "SWZ",
    "address_format": "",
    "postcode_required": 0,
    "call_prefix": 268,
    "has_states": 0
  },
  {
    "id": 202,
    "region": "Europe",
    "subregion": "Northern Europe",
    "title": "Sweden",
    "native": "Sverige",
    "code": "SE",
    "code3": "SWE",
    "address_format": "{company}\r\n{firstname} {lastname}\r\n{address1}\r\n{address2}\r\n{postcode} {city}\r\n{country}",
    "postcode_required": 1,
    "call_prefix": 46,
    "has_states": 0
  },
  {
    "id": 203,
    "region": "Europe",
    "subregion": "Western Europe",
    "title": "Switzerland",
    "native": "Suisse",
    "code": "CH",
    "code3": "CHE",
    "address_format": "",
    "postcode_required": 0,
    "call_prefix": 41,
    "has_states": 0
  },
  {
    "id": 204,
    "region": "Asia",
    "subregion": "Western Asia",
    "title": "Syria",
    "native": "سوريا",
    "code": "SY",
    "code3": "SYR",
    "address_format": "",
    "postcode_required": 0,
    "call_prefix": 963,
    "has_states": 0
  },
  {
    "id": 205,
    "region": "Asia",
    "subregion": "Eastern Asia",
    "title": "Taiwan",
    "native": "臺灣",
    "code": "TW",
    "code3": "TWN",
    "address_format": "",
    "postcode_required": 0,
    "call_prefix": 886,
    "has_states": 1
  },
  {
    "id": 206,
    "region": "Asia",
    "subregion": "Central Asia",
    "title": "Tajikistan",
    "native": "Таджикистан",
    "code": "TJ",
    "code3": "TJK",
    "address_format": "",
    "postcode_required": 0,
    "call_prefix": 992,
    "has_states": 0
  },
  {
    "id": 207,
    "region": "Africa",
    "subregion": "Eastern Africa",
    "title": "Tanzania",
    "native": "Tanzania",
    "code": "TZ",
    "code3": "TZA",
    "address_format": "",
    "postcode_required": 0,
    "call_prefix": 255,
    "has_states": 0
  },
  {
    "id": 208,
    "region": "Asia",
    "subregion": "South-Eastern Asia",
    "title": "Thailand",
    "native": "ประเทศไทย",
    "code": "TH",
    "code3": "THA",
    "address_format": "",
    "postcode_required": 0,
    "call_prefix": 66,
    "has_states": 0
  },
  {
    "id": 209,
    "region": "Africa",
    "subregion": "Western Africa",
    "title": "Togo",
    "native": "Togo",
    "code": "TG",
    "code3": "TGO",
    "address_format": "",
    "postcode_required": 0,
    "call_prefix": 228,
    "has_states": 0
  },
  {
    "id": 210,
    "region": "Oceania",
    "subregion": "Polynesia",
    "title": "Tokelau",
    "native": "Tokelau",
    "code": "TK",
    "code3": "TKL",
    "address_format": "",
    "postcode_required": 0,
    "call_prefix": 690,
    "has_states": 0
  },
  {
    "id": 211,
    "region": "Oceania",
    "subregion": "Polynesia",
    "title": "Tonga",
    "native": "Tonga",
    "code": "TO",
    "code3": "TON",
    "address_format": "",
    "postcode_required": 0,
    "call_prefix": 676,
    "has_states": 0
  },
  {
    "id": 212,
    "region": "Americas",
    "subregion": "Caribbean",
    "title": "Trinidad and Tobago",
    "native": "Trinidad and Tobago",
    "code": "TT",
    "code3": "TTO",
    "address_format": "",
    "postcode_required": 0,
    "call_prefix": 0,
    "has_states": 0
  },
  {
    "id": 213,
    "region": "Africa",
    "subregion": "Northern Africa",
    "title": "Tunisia",
    "native": "تونس",
    "code": "TN",
    "code3": "TUN",
    "address_format": "",
    "postcode_required": 0,
    "call_prefix": 216,
    "has_states": 0
  },
  {
    "id": 214,
    "region": "Asia",
    "subregion": "Western Asia",
    "title": "Turkey",
    "native": "Türkiye",
    "code": "TR",
    "code3": "TUR",
    "address_format": "",
    "postcode_required": 0,
    "call_prefix": 90,
    "has_states": 0
  },
  {
    "id": 215,
    "region": "Asia",
    "subregion": "Central Asia",
    "title": "Turkmenistan",
    "native": "Туркмения",
    "code": "TM",
    "code3": "TKM",
    "address_format": "",
    "postcode_required": 0,
    "call_prefix": 993,
    "has_states": 0
  },
  {
    "id": 216,
    "region": "Americas",
    "subregion": "Caribbean",
    "title": "Turks and Caicos Islands",
    "native": "Turks and Caicos Islands",
    "code": "TC",
    "code3": "TCA",
    "address_format": "",
    "postcode_required": 0,
    "call_prefix": 0,
    "has_states": 0
  },
  {
    "id": 217,
    "region": "Oceania",
    "subregion": "Polynesia",
    "title": "Tuvalu",
    "native": "Tuvalu",
    "code": "TV",
    "code3": "TUV",
    "address_format": "",
    "postcode_required": 0,
    "call_prefix": 688,
    "has_states": 0
  },
  {
    "id": 218,
    "region": "Africa",
    "subregion": "Eastern Africa",
    "title": "Uganda",
    "native": "Uganda",
    "code": "UG",
    "code3": "UGA",
    "address_format": "",
    "postcode_required": 0,
    "call_prefix": 256,
    "has_states": 0
  },
  {
    "id": 219,
    "region": "Europe",
    "subregion": "Eastern Europe",
    "title": "Ukraine",
    "native": "Украина",
    "code": "UA",
    "code3": "UKR",
    "address_format": "",
    "postcode_required": 0,
    "call_prefix": 380,
    "has_states": 0
  },
  {
    "id": 220,
    "region": "Asia",
    "subregion": "Western Asia",
    "title": "United Arab Emirates",
    "native": "دولة الإمارات العربية المتحدة",
    "code": "AE",
    "code3": "ARE",
    "address_format": "",
    "postcode_required": 0,
    "call_prefix": 971,
    "has_states": 0
  },
  {
    "id": 221,
    "region": "Europe",
    "subregion": "Northern Europe",
    "title": "United Kingdom",
    "native": "United Kingdom",
    "code": "GB",
    "code3": "GBR",
    "address_format": "",
    "postcode_required": 1,
    "call_prefix": 44,
    "has_states": 0
  },
  {
    "id": 222,
    "region": "Americas",
    "subregion": "Northern America",
    "title": "United States",
    "native": "United States",
    "code": "US",
    "code3": "USA",
    "address_format": "{firstname} {lastname}\r\n{company}\r\n{address1}\r\n{address2}\r\n{city}, {zone} {postcode}\r\n{country}",
    "postcode_required": 0,
    "call_prefix": 1,
    "has_states": 1
  },
  {
    "id": 223,
    "region": "Americas",
    "subregion": "Northern America",
    "title": "United States Minor Outlying Islands",
    "native": "United States Minor Outlying Islands",
    "code": "UM",
    "code3": "UMI",
    "address_format": "",
    "postcode_required": 0,
    "call_prefix": 0,
    "has_states": 0
  },
  {
    "id": 224,
    "region": "Americas",
    "subregion": "South America",
    "title": "Uruguay",
    "native": "Uruguay",
    "code": "UY",
    "code3": "URY",
    "address_format": "",
    "postcode_required": 0,
    "call_prefix": 598,
    "has_states": 0
  },
  {
    "id": 225,
    "region": "Asia",
    "subregion": "Central Asia",
    "title": "Uzbekistan",
    "native": "Узбекистан",
    "code": "UZ",
    "code3": "UZB",
    "address_format": "",
    "postcode_required": 0,
    "call_prefix": 998,
    "has_states": 0
  },
  {
    "id": 226,
    "region": "Oceania",
    "subregion": "Melanesia",
    "title": "Vanuatu",
    "native": "Vanuatu",
    "code": "VU",
    "code3": "VUT",
    "address_format": "",
    "postcode_required": 0,
    "call_prefix": 678,
    "has_states": 0
  },
  {
    "id": 227,
    "region": "Europe",
    "subregion": "Southern Europe",
    "title": "Vatican City",
    "native": "Vaticano",
    "code": "VA",
    "code3": "VAT",
    "address_format": "",
    "postcode_required": 0,
    "call_prefix": 379,
    "has_states": 0
  },
  {
    "id": 228,
    "region": "Americas",
    "subregion": "South America",
    "title": "Venezuela",
    "native": "Venezuela",
    "code": "VE",
    "code3": "VEN",
    "address_format": "",
    "postcode_required": 0,
    "call_prefix": 58,
    "has_states": 0
  },
  {
    "id": 229,
    "region": "Asia",
    "subregion": "South-Eastern Asia",
    "title": "Vietnam",
    "native": "Việt Nam",
    "code": "VN",
    "code3": "VNM",
    "address_format": "",
    "postcode_required": 0,
    "call_prefix": 84,
    "has_states": 0
  },
  {
    "id": 230,
    "region": "Americas",
    "subregion": "Caribbean",
    "title": "British Virgin Islands",
    "native": "British Virgin Islands",
    "code": "VG",
    "code3": "VGB",
    "address_format": "",
    "postcode_required": 0,
    "call_prefix": 0,
    "has_states": 0
  },
  {
    "id": 231,
    "region": "Americas",
    "subregion": "Caribbean",
    "title": "United States Virgin Islands",
    "native": "United States Virgin Islands",
    "code": "VI",
    "code3": "VIR",
    "address_format": "",
    "postcode_required": 0,
    "call_prefix": 0,
    "has_states": 0
  },
  {
    "id": 232,
    "region": "Oceania",
    "subregion": "Polynesia",
    "title": "Wallis and Futuna",
    "native": "Wallis et Futuna",
    "code": "WF",
    "code3": "WLF",
    "address_format": "",
    "postcode_required": 0,
    "call_prefix": 681,
    "has_states": 0
  },
  {
    "id": 233,
    "region": "Africa",
    "subregion": "Northern Africa",
    "title": "Western Sahara",
    "native": "Western Sahara",
    "code": "EH",
    "code3": "ESH",
    "address_format": "",
    "postcode_required": 0,
    "call_prefix": 0,
    "has_states": 0
  },
  {
    "id": 234,
    "region": "Asia",
    "subregion": "Western Asia",
    "title": "Yemen",
    "native": "اليَمَن",
    "code": "YE",
    "code3": "YEM",
    "address_format": "",
    "postcode_required": 0,
    "call_prefix": 967,
    "has_states": 0
  },
  {
    "id": 235,
    "region": "Africa",
    "subregion": "Middle Africa",
    "title": "DR Congo",
    "native": "RD Congo",
    "code": "CD",
    "code3": "COD",
    "address_format": "",
    "postcode_required": 0,
    "call_prefix": 242,
    "has_states": 0
  },
  {
    "id": 236,
    "region": "Africa",
    "subregion": "Eastern Africa",
    "title": "Zambia",
    "native": "Zambia",
    "code": "ZM",
    "code3": "ZMB",
    "address_format": "",
    "postcode_required": 0,
    "call_prefix": 260,
    "has_states": 0
  },
  {
    "id": 237,
    "region": "Africa",
    "subregion": "Eastern Africa",
    "title": "Zimbabwe",
    "native": "Zimbabwe",
    "code": "ZW",
    "code3": "ZWE",
    "address_format": "",
    "postcode_required": 0,
    "call_prefix": 263,
    "has_states": 0
  },
  {
    "id": 238,
    "region": "Europe",
    "subregion": "Southern Europe",
    "title": "Montenegro",
    "native": "Црна Гора",
    "code": "ME",
    "code3": "MNE",
    "address_format": "",
    "postcode_required": 0,
    "call_prefix": 382,
    "has_states": 0
  },
  {
    "id": 239,
    "region": "Europe",
    "subregion": "Southern Europe",
    "title": "Serbia",
    "native": "Србија",
    "code": "RS",
    "code3": "SRB",
    "address_format": "",
    "postcode_required": 0,
    "call_prefix": 381,
    "has_states": 0
  },
  {
    "id": 240,
    "region": "Europe",
    "subregion": "Northern Europe",
    "title": "Åland Islands",
    "native": "Åland",
    "code": "AX",
    "code3": "ALA",
    "address_format": "",
    "postcode_required": 0,
    "call_prefix": 0,
    "has_states": 0
  },
  {
    "id": 241,
    "region": "Americas",
    "subregion": "South America",
    "title": "Bonaire, Sint Eustatius and Saba",
    "native": "",
    "code": "BQ",
    "code3": "BES",
    "address_format": "",
    "postcode_required": 0,
    "call_prefix": 0,
    "has_states": 0
  },
  {
    "id": 242,
    "region": "Americas",
    "subregion": "Caribbean",
    "title": "Curaçao",
    "native": "Curaçao",
    "code": "CW",
    "code3": "CUW",
    "address_format": "",
    "postcode_required": 0,
    "call_prefix": 0,
    "has_states": 0
  },
  {
    "id": 243,
    "region": "Asia",
    "subregion": "Western Asia",
    "title": "Palestine",
    "native": "فلسطين",
    "code": "PS",
    "code3": "PSE",
    "address_format": "",
    "postcode_required": 0,
    "call_prefix": 0,
    "has_states": 0
  },
  {
    "id": 244,
    "region": "Africa",
    "subregion": "Middle Africa",
    "title": "South Sudan",
    "native": "South Sudan",
    "code": "SS",
    "code3": "SSD",
    "address_format": "",
    "postcode_required": 0,
    "call_prefix": 0,
    "has_states": 0
  },
  {
    "id": 245,
    "region": "Americas",
    "subregion": "Caribbean",
    "title": "Saint Barthélemy",
    "native": "Saint-Barthélemy",
    "code": "BL",
    "code3": "BLM",
    "address_format": "",
    "postcode_required": 0,
    "call_prefix": 0,
    "has_states": 0
  },
  {
    "id": 246,
    "region": "Americas",
    "subregion": "Caribbean",
    "title": "Saint Martin",
    "native": "Saint-Martin",
    "code": "MF",
    "code3": "MAF",
    "address_format": "",
    "postcode_required": 0,
    "call_prefix": 0,
    "has_states": 0
  },
  {
    "id": 247,
    "region": "Africa",
    "subregion": "Northern Africa",
    "title": "Canary Islands",
    "native": "",
    "code": "IC",
    "code3": "ICA",
    "address_format": "",
    "postcode_required": 0,
    "call_prefix": 0,
    "has_states": 0
  },
  {
    "id": 248,
    "region": "Africa",
    "subregion": "Northern Africa",
    "title": "Ascension Island (British)",
    "native": "",
    "code": "AC",
    "code3": "ASC",
    "address_format": "",
    "postcode_required": 0,
    "call_prefix": 0,
    "has_states": 0
  },
  {
    "id": 249,
    "region": "Europe",
    "subregion": "Eastern Europe",
    "title": "Kosovo",
    "native": "Kosova",
    "code": "XK",
    "code3": "UNK",
    "address_format": "",
    "postcode_required": 0,
    "call_prefix": 0,
    "has_states": 0
  },
  {
    "id": 250,
    "region": "Europe",
    "subregion": "Northern Europe",
    "title": "Isle of Man",
    "native": "Isle of Man",
    "code": "IM",
    "code3": "IMN",
    "address_format": "",
    "postcode_required": 0,
    "call_prefix": 0,
    "has_states": 0
  },
  {
    "id": 251,
    "region": "Africa",
    "subregion": "Southern Africa",
    "title": "Tristan da Cunha",
    "native": "",
    "code": "TA",
    "code3": "SHN",
    "address_format": "",
    "postcode_required": 0,
    "call_prefix": 0,
    "has_states": 0
  },
  {
    "id": 252,
    "region": "Europe",
    "subregion": "Northern Europe",
    "title": "Guernsey",
    "native": "Guernsey",
    "code": "GG",
    "code3": "GGY",
    "address_format": "",
    "postcode_required": 0,
    "call_prefix": 0,
    "has_states": 0
  },
  {
    "id": 253,
    "region": "Europe",
    "subregion": "Northern Europe",
    "title": "Jersey",
    "native": "Jersey",
    "code": "JE",
    "code3": "JEY",
    "address_format": "",
    "postcode_required": 0,
    "call_prefix": 0,
    "has_states": 0
  }
]